{"preloader_enable":"1","preloader_bg_color":"","preloader_text":"<div class=\"spinner\">                \r\n<\/div>\r\n<div class=\"txt-loading\">\r\n  <span data-text-preloader=\"I\" class=\"letters-loading\">\r\n    I\r\n  <\/span>\r\n  <span data-text-preloader=\"N\" class=\"letters-loading\">\r\n    N\r\n  <\/span>\r\n  <span data-text-preloader=\"F\" class=\"letters-loading\">\r\n    F\r\n  <\/span>\r\n  <span data-text-preloader=\"O\" class=\"letters-loading\">\r\n    O\r\n  <\/span>\r\n  <span data-text-preloader=\"T\" class=\"letters-loading\">\r\n    T\r\n  <\/span>\r\n  <span data-text-preloader=\"E\" class=\"letters-loading\">\r\n    E\r\n  <\/span>\r\n  <span data-text-preloader=\"K\" class=\"letters-loading\">\r\n    K\r\n  <\/span>\r\n<\/div>\r\n<p class=\"text-center\">Loading<\/p>","enable_svg_upload":"1","_body_font":{"font-family":"Kumbh Sans","font-weight":"normal","font-style":"","font-size":"16","type":"google","unit":"px"},"body_font_variant":["400","500","600","700"],"heading_font_enable":"1","heading_font":{"font-family":"Kumbh Sans","font-weight":"700","font-style":"","type":"google","unit":"px"},"heading_font_variant":["400","500","600","700"],"back_top_enable":"1","back_top_icon":"fas fa-arrow-up","sidebar_logo":{"url":"https:\/\/gramentheme.com\/wp\/infotek\/wp-content\/uploads\/2024\/04\/black-logo.svg","id":"74","width":"198","height":"38","thumbnail":"https:\/\/gramentheme.com\/wp\/infotek\/wp-content\/uploads\/2024\/04\/black-logo.svg","alt":"","title":"black-logo","description":""},"sidebar_text":"Nullam dignissim, ante scelerisque the is euismod fermentum odio sem semper the is erat, a feugiat leo urna eget eros. Duis Aenean a imperdiet risus.","sidebar_title":"Contact Info","sidebar_contact_info":[{"sidebar_contact_icon":"fas fa-map-marker-alt","sidebar_contact_text":"Main Street, Melbourne, Australia","sidebar_contact_text_url":"#"},{"sidebar_contact_icon":"far fa-envelope","sidebar_contact_text":"info@example.com","sidebar_contact_text_url":"mailto:info@example.com"},{"sidebar_contact_icon":"far fa-clock","sidebar_contact_text":"Mon-Friday, 09am -05pm","sidebar_contact_text_url":"#"},{"sidebar_contact_icon":"fas fa-phone-volume","sidebar_contact_text":"+11002345909","sidebar_contact_text_url":"tel:+11002345909"}],"sidebar_btn_enabled":"1","sidebar_btn_text":"Get A Quote","sidebar_btn_text_url":"#","sidebar_socials":[{"sidebar_socials_icon":"fa fa-facebook","sidebar_socials_icon_url":"#"},{"sidebar_socials_icon":"fab fa-twitter","sidebar_socials_icon_url":"#"},{"sidebar_socials_icon":"fab fa-linkedin-in","sidebar_socials_icon_url":"#"},{"sidebar_socials_icon":"fab fa-instagram","sidebar_socials_icon_url":"#"}],"theme_color_1":"#384bff","navbar_type":"","footer_type":"","header_one_logo":{"url":"https:\/\/gramentheme.com\/wp\/infotek\/wp-content\/uploads\/2024\/04\/black-logo.svg","id":"74","width":"198","height":"38","thumbnail":"https:\/\/gramentheme.com\/wp\/infotek\/wp-content\/uploads\/2024\/04\/black-logo.svg","alt":"","title":"black-logo","description":""},"header_one_logo_two":{"url":"https:\/\/gramentheme.com\/wp\/infotek\/wp-content\/uploads\/2024\/04\/white-logo.svg","id":"75","width":"198","height":"38","thumbnail":"https:\/\/gramentheme.com\/wp\/infotek\/wp-content\/uploads\/2024\/04\/white-logo.svg","alt":"","title":"white-logo","description":""},"header_one_right_btn_enabled":"1","header_one_right_btn_text":"Get A Quote","header_one_right_btn_url":"\/wp\/infotek\/contact-2\/","header_one_search_enabled":"1","header_1_hamburger":"block","header_one_top_bar_enabled":"1","header_1_top_bar_contacts":[{"header_1_top_bar_icon":"far fa-envelope","header_1_top_bar_info":"info@example.com","header_1_top_bar_info_url":"mailto:info@example.com"},{"header_1_top_bar_icon":"fas fa-phone-volume","header_1_top_bar_info":"+208-666-0112","header_1_top_bar_info_url":"tel:+2086660112"}],"header_1_top_bar_socials":[{"header_1_top_bar_socials_icon":"fa fa-facebook-f","header_1_top_bar_socials_icon_url":"#"},{"header_1_top_bar_socials_icon":"fab fa-twitter","header_1_top_bar_socials_icon_url":"#"},{"header_1_top_bar_socials_icon":"fab fa-linkedin-in","header_1_top_bar_socials_icon_url":"#"},{"header_1_top_bar_socials_icon":"fab fa-youtube","header_1_top_bar_socials_icon_url":"#"}],"header_two_logo":{"url":"https:\/\/gramentheme.com\/wp\/infotek\/wp-content\/uploads\/2024\/04\/white-logo-2.svg","id":"76","width":"208","height":"40","thumbnail":"https:\/\/gramentheme.com\/wp\/infotek\/wp-content\/uploads\/2024\/04\/white-logo-2.svg","alt":"","title":"white-logo-2","description":""},"header_two_logo_two":{"url":"https:\/\/gramentheme.com\/wp\/infotek\/wp-content\/uploads\/2024\/04\/black-logo.svg","id":"74","width":"198","height":"38","thumbnail":"https:\/\/gramentheme.com\/wp\/infotek\/wp-content\/uploads\/2024\/04\/black-logo.svg","alt":"","title":"black-logo","description":""},"header_two_right_btn_enabled":"1","header_two_right_btn_text":"free Consultancy","header_two_right_btn_url":"\/wp\/infotek\/contact-2\/","header_two_search_enabled":"1","header_two_top_bar_enabled":"1","header_2_top_bar_contacts":[{"header_2_top_bar_icon":"far fa-envelope","header_2_top_bar_info":"info@example.com","header_2_top_bar_info_url":"mailto:info@example.com"},{"header_2_top_bar_icon":"fas fa-phone-volume","header_2_top_bar_info":"+208-666-0112","header_2_top_bar_info_url":"tel:2086660112"}],"header_2_top_bar_socials":[{"header_2_top_bar_socials_icon":"fa fa-facebook","header_2_top_bar_socials_icon_url":"#"},{"header_2_top_bar_socials_icon":"fab fa-twitter","header_2_top_bar_socials_icon_url":"#"},{"header_2_top_bar_socials_icon":"fab fa-linkedin-in","header_2_top_bar_socials_icon_url":"#"},{"header_2_top_bar_socials_icon":"fab fa-youtube","header_2_top_bar_socials_icon_url":"#"}],"header_three_logo":{"url":"https:\/\/gramentheme.com\/wp\/infotek\/wp-content\/uploads\/2024\/04\/black-logo.svg","id":"74","width":"198","height":"38","thumbnail":"https:\/\/gramentheme.com\/wp\/infotek\/wp-content\/uploads\/2024\/04\/black-logo.svg","alt":"","title":"black-logo","description":""},"header_three_left_shape":{"url":"https:\/\/gramentheme.com\/wp\/infotek\/wp-content\/uploads\/2024\/04\/plane.png","id":"216","width":"115","height":"71","thumbnail":"https:\/\/gramentheme.com\/wp\/infotek\/wp-content\/uploads\/2024\/04\/plane.png","alt":"","title":"plane","description":""},"header_three_right_btn_enabled":"1","header_three_right_btn_text":"Get A Quote","header_three_right_btn_url":"\/wp\/infotek\/contact-2\/","header_three_search_enabled":"1","header_three_top_bar_enabled":"1","show_language_option":"1","header_3_top_bar_contacts":[{"header_3_top_bar_icon":"far fa-envelope","header_3_top_bar_info":"info@example.com","header_3_top_bar_info_url":"mailto:info@example.com"},{"header_3_top_bar_icon":"fas fa-phone-volume","header_3_top_bar_info":"+208-666-0112","header_3_top_bar_info_url":"tel:2086660112"}],"header_3_top_bar_socials":[{"header_3_top_bar_socials_icon":"fa fa-facebook","header_3_top_bar_socials_icon_url":"#"},{"header_3_top_bar_socials_icon":"fab fa-twitter","header_3_top_bar_socials_icon_url":"#"},{"header_3_top_bar_socials_icon":"fab fa-instagram","header_3_top_bar_socials_icon_url":"#"},{"header_3_top_bar_socials_icon":"fab fa-linkedin-in","header_3_top_bar_socials_icon_url":"#"}],"header_four_logo":{"url":"https:\/\/gramentheme.com\/wp\/infotek\/wp-content\/uploads\/2024\/04\/black-logo.svg","id":"74","width":"198","height":"38","thumbnail":"https:\/\/gramentheme.com\/wp\/infotek\/wp-content\/uploads\/2024\/04\/black-logo.svg","alt":"","title":"black-logo","description":""},"header_four_right_btn_enabled":"1","header_four_right_btn_text":"Get A Quote","header_four_right_btn_url":"\/wp\/infotek\/contact-2\/","header_four_search_enabled":"1","breadcrumb_enabled":"1","breadcrumb_main_image":{"url":"https:\/\/gramentheme.com\/wp\/infotek\/wp-content\/uploads\/2024\/04\/breadcrumb.jpg","id":"196","width":"1920","height":"450","thumbnail":"https:\/\/gramentheme.com\/wp\/infotek\/wp-content\/uploads\/2024\/04\/breadcrumb.jpg","alt":"","title":"breadcrumb","description":""},"breadcrumb_shape_image":{"url":"https:\/\/gramentheme.com\/wp\/infotek\/wp-content\/uploads\/2024\/04\/element.png","id":"207","width":"316","height":"450","thumbnail":"https:\/\/gramentheme.com\/wp\/infotek\/wp-content\/uploads\/2024\/04\/element.png","alt":"","title":"element","description":""},"breadcrumb_shape_image_2":{"url":"https:\/\/gramentheme.com\/wp\/infotek\/wp-content\/uploads\/2024\/04\/line-element.png","id":"215","width":"535","height":"450","thumbnail":"https:\/\/gramentheme.com\/wp\/infotek\/wp-content\/uploads\/2024\/04\/line-element.png","alt":"","title":"line-element","description":""},"footer_one_logo":{"url":"https:\/\/gramentheme.com\/wp\/infotek\/wp-content\/uploads\/2024\/04\/white-logo.svg","id":"75","width":"198","height":"38","thumbnail":"https:\/\/gramentheme.com\/wp\/infotek\/wp-content\/uploads\/2024\/04\/white-logo.svg","alt":"","title":"white-logo","description":""},"footer_one_shape_1":{"url":"https:\/\/gramentheme.com\/wp\/infotek\/wp-content\/uploads\/2024\/04\/footer-shape-1.png","id":"210","width":"361","height":"372","thumbnail":"https:\/\/gramentheme.com\/wp\/infotek\/wp-content\/uploads\/2024\/04\/footer-shape-1.png","alt":"","title":"footer-shape-1","description":""},"footer_one_shape_2":{"url":"https:\/\/gramentheme.com\/wp\/infotek\/wp-content\/uploads\/2024\/04\/footer-shape-2.png","id":"211","width":"288","height":"383","thumbnail":"https:\/\/gramentheme.com\/wp\/infotek\/wp-content\/uploads\/2024\/04\/footer-shape-2.png","alt":"","title":"footer-shape-2","description":""},"footer_one_text":"Phasellus ultricies aliquam volutpat ullamcorper laoreet neque, a lacinia curabitur lacinia mollis","footer_1_socials":[{"footer_1_socials_icon":"fa fa-facebook-f","footer_1_socials_icon_url":""},{"footer_1_socials_icon":"fab fa-twitter","footer_1_socials_icon_url":"#"},{"footer_1_socials_icon":"fab fa-linkedin-in","footer_1_socials_icon_url":"#"},{"footer_1_socials_icon":"fab fa-youtube","footer_1_socials_icon_url":"#"}],"footer_one_blog_title":"Recent Posts","footer_one_contact_title":"Contact Us","footer_1_contact_us":[{"footer_1_contact_icon":"fas fa-map-marker-alt","footer_1_contact_text":"6391 Elgin St. Celina, USA","footer_1_contact_url":"#"},{"footer_1_contact_icon":"fas fa-phone-volume","footer_1_contact_text":"+208-666-0112","footer_1_contact_url":"tel:2086660112"},{"footer_1_contact_icon":"far fa-envelope","footer_1_contact_text":"infotech@example.com","footer_1_contact_url":"mailto:infotech@example.com"}],"footer_one_contact_button":"get A Quote","footer_one_contact_button_url":"#","copyright_text":"","footer_1_terms":[{"footer_1_terms_text":"Terms &amp; Condition","footer_1_terms_url":"#"},{"footer_1_terms_text":"Privacy Policy","footer_1_terms_url":"#"}],"footer_2_contact_us":[{"footer_2_contact_shape":{"url":"https:\/\/gramentheme.com\/wp\/infotek\/wp-content\/uploads\/2024\/04\/circle-2-1.png","id":"200","width":"62","height":"62","thumbnail":"https:\/\/gramentheme.com\/wp\/infotek\/wp-content\/uploads\/2024\/04\/circle-2-1.png","alt":"","title":"circle-2","description":""},"footer_2_contact_icon":{"url":"https:\/\/gramentheme.com\/wp\/infotek\/wp-content\/uploads\/2024\/04\/phone-icon.png","id":"602","width":"30","height":"30","thumbnail":"https:\/\/gramentheme.com\/wp\/infotek\/wp-content\/uploads\/2024\/04\/phone-icon.png","alt":"","title":"phone-icon","description":""},"footer_2_contact_title":"Call Us 7\/24","footer_2_contact_text":"+208-555-0112","footer_2_contact_url":"tel:+2085550112"},{"footer_2_contact_shape":{"url":"https:\/\/gramentheme.com\/wp\/infotek\/wp-content\/uploads\/2024\/04\/circle-2-1.png","id":"200","width":"62","height":"62","thumbnail":"https:\/\/gramentheme.com\/wp\/infotek\/wp-content\/uploads\/2024\/04\/circle-2-1.png","alt":"","title":"circle-2","description":""},"footer_2_contact_icon":{"url":"https:\/\/gramentheme.com\/wp\/infotek\/wp-content\/uploads\/2024\/04\/mail-icon.png","id":"601","width":"30","height":"30","thumbnail":"https:\/\/gramentheme.com\/wp\/infotek\/wp-content\/uploads\/2024\/04\/mail-icon.png","alt":"","title":"mail-icon","description":""},"footer_2_contact_title":"Make a Quote","footer_2_contact_text":"Infotech@example.com","footer_2_contact_url":"mailto:Infotech@example.com"},{"footer_2_contact_shape":{"url":"https:\/\/gramentheme.com\/wp\/infotek\/wp-content\/uploads\/2024\/04\/circle-2-1.png","id":"200","width":"62","height":"62","thumbnail":"https:\/\/gramentheme.com\/wp\/infotek\/wp-content\/uploads\/2024\/04\/circle-2-1.png","alt":"","title":"circle-2","description":""},"footer_2_contact_icon":{"url":"https:\/\/gramentheme.com\/wp\/infotek\/wp-content\/uploads\/2024\/04\/mark-icon.png","id":"600","width":"32","height":"32","thumbnail":"https:\/\/gramentheme.com\/wp\/infotek\/wp-content\/uploads\/2024\/04\/mark-icon.png","alt":"","title":"mark-icon","description":""},"footer_2_contact_title":"Location","footer_2_contact_text":"4517 Washington ave.","footer_2_contact_url":"#"}],"footer_two_logo":{"url":"https:\/\/gramentheme.com\/wp\/infotek\/wp-content\/uploads\/2024\/04\/white-logo.svg","id":"75","width":"198","height":"38","thumbnail":"https:\/\/gramentheme.com\/wp\/infotek\/wp-content\/uploads\/2024\/04\/white-logo.svg","alt":"","title":"white-logo","description":""},"footer_two_shape_1":{"url":"https:\/\/gramentheme.com\/wp\/infotek\/wp-content\/uploads\/2024\/04\/footer-shape-1.png","id":"210","width":"361","height":"372","thumbnail":"https:\/\/gramentheme.com\/wp\/infotek\/wp-content\/uploads\/2024\/04\/footer-shape-1.png","alt":"","title":"footer-shape-1","description":""},"footer_two_text":"Phasellus ultricies aliquam volutpat ullamcorper laoreet neque, a lacinia curabitur lacinia mollis","footer_2_socials":[{"footer_2_socials_icon":"fa fa-facebook-f","footer_2_socials_icon_url":"#"},{"footer_2_socials_icon":"fab fa-twitter","footer_2_socials_icon_url":"#"},{"footer_2_socials_icon":"fab fa-linkedin-in","footer_2_socials_icon_url":"#"},{"footer_2_socials_icon":"fab fa-instagram","footer_2_socials_icon_url":"#"}],"footer_two_blog_title":"Recent Posts","footer_three_logo":{"url":"https:\/\/gramentheme.com\/wp\/infotek\/wp-content\/uploads\/2024\/04\/white-logo.svg","id":"75","width":"198","height":"38","thumbnail":"https:\/\/gramentheme.com\/wp\/infotek\/wp-content\/uploads\/2024\/04\/white-logo.svg","alt":"","title":"white-logo","description":""},"footer_three_shape_1":{"url":"https:\/\/gramentheme.com\/wp\/infotek\/wp-content\/uploads\/2024\/04\/footer-shape-4.png","id":"213","width":"435","height":"592","thumbnail":"https:\/\/gramentheme.com\/wp\/infotek\/wp-content\/uploads\/2024\/04\/footer-shape-4.png","alt":"","title":"footer-shape-4","description":""},"footer_three_shape_2":{"url":"https:\/\/gramentheme.com\/wp\/infotek\/wp-content\/uploads\/2024\/04\/footer-shape-3.png","id":"212","width":"341","height":"342","thumbnail":"https:\/\/gramentheme.com\/wp\/infotek\/wp-content\/uploads\/2024\/04\/footer-shape-3.png","alt":"","title":"footer-shape-3","description":""},"footer_three_about_title":"About Us","footer_three_about_text":"Phasellus ultricies aliquam volutpat ullamcorper laoreet neque, a lacinia curabitur lacinia mollis","footer_3_socials":[{"footer_3_socials_icon":"fa fa-facebook-f","footer_3_socials_icon_url":"#"},{"footer_3_socials_icon":"fab fa-twitter","footer_3_socials_icon_url":"#"},{"footer_3_socials_icon":"fab fa-linkedin-in","footer_3_socials_icon_url":"#"},{"footer_3_socials_icon":"fab fa-instagram","footer_3_socials_icon_url":"#"}],"footer_three_newsletter":"Newsletter","footer_three_newsletter_text":"Sign up to seargin weekly newsletter to get the latest updates.","footer_three_form":"[mc4wp_form id=1870]","footer_four_shape_1":{"url":"https:\/\/gramentheme.com\/wp\/infotek\/wp-content\/uploads\/2024\/04\/footer-shape-1.png","id":"210","width":"361","height":"372","thumbnail":"https:\/\/gramentheme.com\/wp\/infotek\/wp-content\/uploads\/2024\/04\/footer-shape-1.png","alt":"","title":"footer-shape-1","description":""},"footer_four_shape_2":{"url":"https:\/\/gramentheme.com\/wp\/infotek\/wp-content\/uploads\/2024\/04\/footer-shape-3.png","id":"212","width":"341","height":"342","thumbnail":"https:\/\/gramentheme.com\/wp\/infotek\/wp-content\/uploads\/2024\/04\/footer-shape-3.png","alt":"","title":"footer-shape-3","description":""},"footer_four_clients":{"url":"https:\/\/gramentheme.com\/wp\/infotek\/wp-content\/uploads\/2024\/04\/client.png","id":"203","width":"174","height":"42","thumbnail":"https:\/\/gramentheme.com\/wp\/infotek\/wp-content\/uploads\/2024\/04\/client.png","alt":"","title":"client","description":""},"footer_four_clients_text":"15k+ Active Customer","footer_four_btn_text":"Get A Quote","footer_four_btn_url":"#","footer_four_logo":{"url":"https:\/\/gramentheme.com\/wp\/infotek\/wp-content\/uploads\/2024\/04\/white-logo.svg","id":"75","width":"198","height":"38","thumbnail":"https:\/\/gramentheme.com\/wp\/infotek\/wp-content\/uploads\/2024\/04\/white-logo.svg","alt":"","title":"white-logo","description":""},"footer_four_about_text":"Phasellus ultricies aliquam volutpat ullamcorper laoreet neque, a lacinia curabitur lacinia mollis","footer_4_socials":[{"footer_4_socials_icon":"fa fa-facebook-f","footer_4_socials_icon_url":"#"},{"footer_4_socials_icon":"fab fa-twitter","footer_4_socials_icon_url":"#"},{"footer_4_socials_icon":"fab fa-instagram","footer_4_socials_icon_url":"#"},{"footer_4_socials_icon":"fab fa-linkedin-in","footer_4_socials_icon_url":"#"}],"footer_four_contact_location":"4517 Washington. mg Manchester, Kentucky 39495","footer_4_contact_us":[{"footer_4_contact_icon":"far fa-clock","footer_4_contact_title":"Opening Hours:","footer_4_contact_text":"Mon - Sat: 10.00 AM - 4.00 PM"},{"footer_4_contact_icon":"fas fa-phone-alt","footer_4_contact_title":"Phone Call:","footer_4_contact_text":"208-6666-0112, 308-5555-0113"}],"footer_four_download":"Download App","footer_four_download_text":"Suscipit ipsum id justo malesuada fermentum. Donec ut sem varius, congue ligula vel","footer_four_download_img_1":{"url":"https:\/\/gramentheme.com\/wp\/infotek\/wp-content\/uploads\/2024\/04\/play-store.png","id":"217","width":"115","height":"34","thumbnail":"https:\/\/gramentheme.com\/wp\/infotek\/wp-content\/uploads\/2024\/04\/play-store.png","alt":"","title":"play-store","description":""},"footer_four_download_img_1_url":"#","footer_four_download_img_2":{"url":"https:\/\/gramentheme.com\/wp\/infotek\/wp-content\/uploads\/2024\/04\/app-store.png","id":"191","width":"115","height":"34","thumbnail":"https:\/\/gramentheme.com\/wp\/infotek\/wp-content\/uploads\/2024\/04\/app-store.png","alt":"","title":"app-store","description":""},"footer_four_download_img_2_url":"#","blog_post_posted_by":"1","blog_post_posted_cat":"1","blog_post_readmore_btn":"1","blog_post_readmore_btn_text":"Read More","blog_post_excerpt_more":"","blog_post_excerpt_length":"25","blog_single_post_posted_by":"1","blog_single_post_posted_category":"1","blog_single_post_posted_tag":"1","blog_single_post_posted_share":"1","blog_single_post_post_navigation":"1","blog_single_post_next_post_nav_btn":"1","blog_single_post_get_related_post":"1","blog_single_post_author_bio":"1","error_bg_switch":"1","error_bg":{"url":"https:\/\/gramentheme.com\/wp\/infotek\/wp-content\/uploads\/2024\/04\/404.png","id":"189","width":"860","height":"516","thumbnail":"https:\/\/gramentheme.com\/wp\/infotek\/wp-content\/uploads\/2024\/04\/404.png","alt":"","title":"404","description":""},"404_bg_color":"","404_title":"Whoops! This Page got Lost in conversion","404_paragraph":"","404_button_text":"","404_spacing_top":"120","404_spacing_bottom":"120","blog_layout":"right-sidebar","blog_bg_color":"","blog_spacing_top":"120","blog_spacing_bottom":"120","blog_single_layout":"right-sidebar","blog_single_bg_color":"","blog_single_spacing_top":"120","blog_single_spacing_bottom":"120","archive_layout":"right-sidebar","archive_bg_color":"","archive_spacing_top":"120","archive_spacing_bottom":"120","search_layout":"right-sidebar","search_bg_color":"","search_spacing_top":"120","search_spacing_bottom":"120"}